{"Edges":[{"src":0,"w":14.0,"dest":2},{"src":2,"w":14.0,"dest":0},{"src":1,"w":15.0,"dest":4},{"src":4,"w":15.0,"dest":1},{"src":5,"w":10.0,"dest":1},{"src":5,"w":20.0,"dest":4},{"src":4,"w":60.0,"dest":3},{"src":3,"w":100.0,"dest":2},{"src":0,"w":9.0,"dest":5},{"src":2,"w":2.0,"dest":5},{"src":0,"w":7.0,"dest":1},{"src":1,"w":7.0,"dest":0},{"src":5,"w":9.0,"dest":0},{"src":5,"w":2.0,"dest":2},{"src":3,"w":60.0,"dest":4},{"src":2,"w":100.0,"dest":3},{"src":1,"w":10.0,"dest":5},{"src":4,"w":20.0,"dest":5}],"Nodes":[{"pos":"1.0,2.0,0.0","id":0},{"pos":"5.0,1.0,0.0","id":1},{"pos":"2.0,5.0,0.0","id":2},{"pos":"6.0,7.0,0.0","id":3},{"pos":"8.0,4.0,0.0","id":4},{"pos":"5.0,4.0,0.0","id":5}]}